cliente_id,mes_referencia,diarias_ad,volume_medio_ad,volume_medio_am,receita_ad,receita_am,rpd_ad,rpd_am,cancelamentos,reclamacoes
C001,2025-01,63,2.1,2.9,13230.0,8004.0,210,92,0,0
C001,2025-02,57,1.9,2.9,11970.0,8004.0,210,92,0,0
C001,2025-03,63,2.1,3.1,13230.0,8556.0,210,92,0,0
C001,2025-04,66,2.2,2.9,13860.0,8004.0,210,92,0,0
C001,2025-05,60,2.0,2.9,12600.0,8004.0,210,92,0,0
C001,2025-06,57,1.9,3.0,11970.0,8280.0,210,92,0,0
C001,2025-07,54,1.8,2.9,11340.0,8004.0,210,92,0,0
C001,2025-08,63,2.1,3.0,13230.0,8280.0,210,92,0,0
C001,2025-09,57,1.9,3.0,11970.0,8280.0,210,92,0,0
C001,2025-10,63,2.1,2.9,13230.0,8004.0,210,92,0,0
C001,2025-11,63,2.1,3.1,13230.0,8556.0,210,92,0,0
C001,2025-12,57,1.9,2.9,11970.0,8004.0,210,92,0,0
C002,2025-01,132,4.4,0.0,27060.0,0.0,205,95,0,0
C002,2025-02,111,3.7,0.0,22755.0,0.0,205,95,0,0
C002,2025-03,129,4.3,0.0,26445.0,0.0,205,95,0,0
C002,2025-04,126,4.2,0.0,25830.0,0.0,205,95,0,0
C002,2025-05,120,4.0,0.0,24600.0,0.0,205,95,0,0
C002,2025-06,117,3.9,0.0,23985.0,0.0,205,95,0,0
C002,2025-07,129,4.3,0.0,26445.0,0.0,205,95,0,0
C002,2025-08,129,4.3,0.0,26445.0,0.0,205,95,0,0
C002,2025-09,126,4.2,0.0,25830.0,0.0,205,95,0,0
C002,2025-10,114,3.8,0.0,23370.0,0.0,205,95,0,0
C002,2025-11,111,3.7,0.0,22755.0,0.0,205,95,0,0
C002,2025-12,111,3.7,0.0,22755.0,0.0,205,95,0,0
C003,2025-01,30,1.0,4.9,6000.0,13230.0,200,90,0,0
C003,2025-02,27,0.9,4.6,5400.0,12420.0,200,90,0,0
C003,2025-03,27,0.9,4.7,5400.0,12690.0,200,90,0,0
C003,2025-04,27,0.9,4.3,5400.0,11610.0,200,90,0,0
C003,2025-05,21,0.7,4.1,4200.0,11070.0,200,90,1,0
C003,2025-06,21,0.7,3.7,4200.0,9990.0,200,90,0,0
C003,2025-07,24,0.8,3.5,4800.0,9450.0,200,90,0,0
C003,2025-08,21,0.7,3.3,4200.0,8910.0,200,90,0,0
C003,2025-09,18,0.6,3.1,3600.0,8370.0,200,90,0,0
C003,2025-10,15,0.5,2.6,3000.0,7020.0,200,90,1,0
C003,2025-11,15,0.5,2.4,3000.0,6480.0,200,90,0,0
C003,2025-12,12,0.4,2.3,2400.0,6210.0,200,90,0,0
C004,2025-01,0,0.0,5.9,0.0,16638.0,0,94,0,0
C004,2025-02,0,0.0,5.9,0.0,16638.0,0,94,0,0
C004,2025-03,0,0.0,6.0,0.0,16920.0,0,94,0,0
C004,2025-04,0,0.0,5.8,0.0,16356.0,0,94,0,0
C004,2025-05,0,0.0,5.9,0.0,16638.0,0,94,0,0
C004,2025-06,0,0.0,6.2,0.0,17484.0,0,94,0,0
C004,2025-07,0,0.0,5.8,0.0,16356.0,0,94,0,0
C004,2025-08,0,0.0,6.0,0.0,16920.0,0,94,0,0
C004,2025-09,0,0.0,5.7,0.0,16074.0,0,94,0,0
C004,2025-10,0,0.0,6.1,0.0,17202.0,0,94,0,0
C004,2025-11,0,0.0,6.0,0.0,16920.0,0,94,0,0
C004,2025-12,0,0.0,5.9,0.0,16638.0,0,94,0,0
C005,2025-01,0,0.0,0.0,0.0,0.0,0,0,0,0
C005,2025-02,0,0.0,0.0,0.0,0.0,0,0,0,0
C005,2025-03,0,0.0,0.0,0.0,0.0,0,0,0,0
C005,2025-04,0,0.0,0.0,0.0,0.0,0,0,0,0
C005,2025-05,0,0.0,0.0,0.0,0.0,0,0,0,0
C005,2025-06,0,0.0,0.0,0.0,0.0,0,0,0,0
C005,2025-07,0,0.0,0.0,0.0,0.0,0,0,0,0
C005,2025-08,0,0.0,0.0,0.0,0.0,0,0,0,0
C005,2025-09,0,0.0,0.0,0.0,0.0,0,0,0,0
C005,2025-10,0,0.0,0.0,0.0,0.0,0,0,0,0
C005,2025-11,0,0.0,0.0,0.0,0.0,0,0,0,0
C005,2025-12,0,0.0,0.0,0.0,0.0,0,0,0,0
C006,2025-01,33,1.1,8.0,7095.0,23040.0,215,96,0,0
C006,2025-02,33,1.1,8.1,7095.0,23328.0,215,96,0,0
C006,2025-03,27,0.9,8.0,5805.0,23040.0,215,96,0,0
C006,2025-04,27,0.9,8.6,5805.0,24768.0,215,96,0,0
C006,2025-05,33,1.1,8.6,7095.0,24768.0,215,96,0,0
C006,2025-06,30,1.0,8.0,6450.0,23040.0,215,96,0,0
C006,2025-07,33,1.1,8.9,7095.0,25632.0,215,96,0,0
C006,2025-08,30,1.0,8.5,6450.0,24480.0,215,96,0,0
C006,2025-09,30,1.0,8.9,6450.0,25632.0,215,96,0,0
C006,2025-10,33,1.1,8.4,7095.0,24192.0,215,96,0,0
C006,2025-11,33,1.1,8.8,7095.0,25344.0,215,96,0,0
C006,2025-12,33,1.1,9.2,7095.0,26496.0,215,96,0,0
C007,2025-01,0,0.0,1.9,0.0,5301.0,205,93,0,0
C007,2025-02,0,0.0,1.6,0.0,4464.0,205,93,0,0
C007,2025-03,0,0.0,1.2,0.0,3348.0,205,93,0,0
C007,2025-04,0,0.0,0.8,0.0,2232.0,205,93,0,0
C007,2025-05,0,0.0,0.0,0.0,0.0,205,93,1,0
C007,2025-06,0,0.0,0.0,0.0,0.0,205,93,0,0
C007,2025-07,0,0.0,0.0,0.0,0.0,205,93,0,0
C007,2025-08,0,0.0,0.0,0.0,0.0,205,93,0,0
C007,2025-09,0,0.0,0.0,0.0,0.0,205,93,0,1
C007,2025-10,0,0.0,0.0,0.0,0.0,205,93,1,1
C007,2025-11,0,0.0,0.0,0.0,0.0,205,93,0,0
C007,2025-12,0,0.0,0.0,0.0,0.0,205,93,0,0
C008,2025-01,0,0.0,0.0,0.0,0.0,0,0,0,0
C008,2025-02,0,0.0,0.0,0.0,0.0,0,0,0,0
C008,2025-03,0,0.0,0.0,0.0,0.0,0,0,0,0
C008,2025-04,0,0.0,0.0,0.0,0.0,0,0,0,0
C008,2025-05,0,0.0,0.0,0.0,0.0,0,0,0,0
C008,2025-06,0,0.0,0.0,0.0,0.0,0,0,0,0
C008,2025-07,0,0.0,0.0,0.0,0.0,0,0,0,0
C008,2025-08,0,0.0,0.0,0.0,0.0,0,0,0,0
C008,2025-09,0,0.0,0.0,0.0,0.0,0,0,0,0
C008,2025-10,0,0.0,0.0,0.0,0.0,0,0,0,0
C008,2025-11,0,0.0,0.0,0.0,0.0,0,0,0,0
C008,2025-12,0,0.0,0.0,0.0,0.0,0,0,0,0
C009,2025-01,27,0.9,6.3,5724.0,17199.0,212,91,0,0
C009,2025-02,30,1.0,6.3,6360.0,17199.0,212,91,0,0
C009,2025-03,33,1.1,6.0,6996.0,16380.0,212,91,0,0
C009,2025-04,36,1.2,6.6,7632.0,18018.0,212,91,0,0
C009,2025-05,36,1.2,6.8,7632.0,18564.0,212,91,0,0
C009,2025-06,36,1.2,6.4,7632.0,17472.0,212,91,0,0
C009,2025-07,33,1.1,6.5,6996.0,17745.0,212,91,0,0
C009,2025-08,33,1.1,6.5,6996.0,17745.0,212,91,0,0
C009,2025-09,33,1.1,7.3,6996.0,19929.0,212,91,0,0
C009,2025-10,33,1.1,7.3,6996.0,19929.0,212,91,0,0
C009,2025-11,36,1.2,7.1,7632.0,19383.0,212,91,0,0
C009,2025-12,39,1.3,7.7,8268.0,21021.0,212,91,0,0
C010,2025-01,60,2.0,3.1,12480.0,8277.0,208,89,0,0
C010,2025-02,54,1.8,2.9,11232.0,7743.0,208,89,0,0
C010,2025-03,63,2.1,2.9,13104.0,7743.0,208,89,0,0
C010,2025-04,57,1.9,2.9,11856.0,7743.0,208,89,0,0
C010,2025-05,51,1.7,2.8,10608.0,7476.0,208,89,1,0
C010,2025-06,54,1.8,2.8,11232.0,7476.0,208,89,0,0
C010,2025-07,48,1.6,2.8,9984.0,7476.0,208,89,0,0
C010,2025-08,48,1.6,2.5,9984.0,6675.0,208,89,0,0
C010,2025-09,51,1.7,2.6,10608.0,6942.0,208,89,0,0
C010,2025-10,48,1.6,2.4,9984.0,6408.0,208,89,1,0
C010,2025-11,51,1.7,2.3,10608.0,6141.0,208,89,0,0
C010,2025-12,48,1.6,2.4,9984.0,6408.0,208,89,0,0
