oferta_id,cliente_id,produto,quantidade,prazo,preco_tabela,desconto_maximo,preco_minimo,beneficio_adicional,validade_dias,status
OF001,C001,MENSAL,5,6,2850.0,0.03,2764.5,,5,ATIVA
OF002,C002,MENSAL,4,12,3100.0,0.0,3100.0,,7,ATIVA
OF003,C003,MENSAL,4,12,2700.0,0.02,2646.0,,5,ATIVA
OF004,C004,MENSAL,6,12,2950.0,0.0,2950.0,,10,ATIVA
OF005,C005,PILOTO_MENSAL,1,3,3300.0,0.0,3300.0,Piloto de 3 meses sem compromisso adicional,7,ATIVA
OF006,C006,UTILITARIO_MENSAL,2,6,4200.0,0.0,4200.0,Sujeito a confirmação de disponibilidade,5,ATIVA
OF007,C007,MENSAL,2,6,2900.0,0.02,2842.0,,7,ATIVA
OF008,C008,DIARIA,3,5,189.0,0.0,189.0,,7,ATIVA
OF009,C009,MENSAL,4,12,2800.0,0.01,2772.0,,7,ATIVA
OF010,C010,MENSAL,3,12,2750.0,0.01,2722.5,,7,ATIVA
