CATEGORIA;CODIGO_CLIENTE;NOME_CLIENTE;CLUSTER_PRINCIPAL;SCORE_ICP;SCORE_POTENCIAL;SCORE_RISCO;VOLUME_24M_FINAL;RAZAO
Top Expansão;7189410;CLAM MEIO AMBIENTE LTDA;Alto potencial subpenetrado;71.00265866197108;85.50961385878395;18.180932571012132;9.0;Score de Potencial no quartil superior, mas Score de Valor abaixo da mediana
Top Expansão;4265456;COOPERATIVA DE CREDITO, POUPANCA E INVESTIMENTO NOSSA TERRA - SICREDI NOSSA TERRA PR/SP;Alto potencial subpenetrado;79.90304140615164;85.49843715218682;0.673564259134525;4.0;Score de Potencial no quartil superior, mas Score de Valor abaixo da mediana
Top Expansão;1757583;NINECON CONSULTORES ASSOCIADOS LTDA.;Alto potencial subpenetrado;74.9604601324926;82.41451747215177;34.171006923357226;4.0;Score de Potencial no quartil superior, mas Score de Valor abaixo da mediana
Top Expansão;8928435;PTLS SERVICOS DE TECNOLOGIA E ASSESSORIA TECNICA LTDA;Alto potencial subpenetrado;67.95983879487181;79.31632099329485;10.763770800437264;4.0;Score de Potencial no quartil superior, mas Score de Valor abaixo da mediana
Top Expansão;709394;NISSIN FOODS DO BRASIL LTDA;Alto potencial subpenetrado;68.24497397736994;78.68926605484764;22.553149780500075;5.0;Score de Potencial no quartil superior, mas Score de Valor abaixo da mediana
Top Expansão;11991813;EIKON ENERGIA LTDA;Alto potencial subpenetrado;69.17258921993951;77.28350869520447;9.03635847026774;2.0;Score de Potencial no quartil superior, mas Score de Valor abaixo da mediana
Top Expansão;22543791;3S DISTRIBUICAO E COMERCIALIZACAO DE PRODUTOS LTDA;Alto potencial subpenetrado;70.50714570621074;77.121349097605;30.388864066214367;5.0;Score de Potencial no quartil superior, mas Score de Valor abaixo da mediana
Top Expansão;6143567;FUJITSU GENERAL DO BRASIL LTDA.;Alto potencial subpenetrado;61.402686215327556;77.121349097605;10.835292637642937;2.0;Score de Potencial no quartil superior, mas Score de Valor abaixo da mediana
Top Expansão;6660937;NUCTECH DO BRASIL LTDA;Alto potencial subpenetrado;61.50778810637008;77.121349097605;1.9266974371432037;1.0;Score de Potencial no quartil superior, mas Score de Valor abaixo da mediana
Top Expansão;5691751;SOLPACK LTDA;Alto potencial subpenetrado;67.62328097814616;77.121349097605;38.87100692335722;4.0;Score de Potencial no quartil superior, mas Score de Valor abaixo da mediana
Top Expansão;13528276;EDITORA PLANETA DO BRASIL LTDA.;Alto potencial subpenetrado;70.97418181753937;76.92919568793444;22.495218285297838;2.0;Score de Potencial no quartil superior, mas Score de Valor abaixo da mediana
Top Expansão;8929036;BRENNTAG QUIMICA BRASIL LTDA.;Alto potencial subpenetrado;60.66450637560614;76.17655733963774;0.463075428154986;6.0;Score de Potencial no quartil superior, mas Score de Valor abaixo da mediana
Top Expansão;2106425;NEW MAX INDUSTRIAL LTDA;Alto potencial subpenetrado;62.00917935049744;76.03486320971994;22.9567212090715;3.0;Score de Potencial no quartil superior, mas Score de Valor abaixo da mediana
Top Expansão;3175176;MERSEN DO BRASIL LTDA.;Alto potencial subpenetrado;64.42909753198927;75.89664191816657;14.9273611424407;3.0;Score de Potencial no quartil superior, mas Score de Valor abaixo da mediana
Top Expansão;13109835;NOTCO BRASIL DISTRIBUICAO E COMERCIO DE PRODUTOS ALIMENTICIOS LTDA.;Alto potencial subpenetrado;51.19179848197013;75.63423056818223;10.996006923357221;2.0;Score de Potencial no quartil superior, mas Score de Valor abaixo da mediana
Top Expansão;22790424;BENNER SISTEMAS S/A;Alto potencial subpenetrado;74.57790104018217;75.20165469742736;8.960292637642937;1.0;Score de Potencial no quartil superior, mas Score de Valor abaixo da mediana
Top Expansão;230014;GLENMARK FARMACEUTICA LTDA;Alto potencial subpenetrado;61.62315540107586;74.75365147443718;4.112641200048585;4.0;Score de Potencial no quartil superior, mas Score de Valor abaixo da mediana
Top Expansão;7338500;BISCHOFF CREATIVE GROUP LTDA;Alto potencial subpenetrado;69.0322438282151;74.55373794822562;36.263075428154984;5.0;Score de Potencial no quartil superior, mas Score de Valor abaixo da mediana
Top Expansão;8257227;PERFURATRIZ DTH HAMMERS TOOLS LTDA;Alto potencial subpenetrado;63.150230938285375;74.39779156909584;1.9266974371432037;1.0;Score de Potencial no quartil superior, mas Score de Valor abaixo da mediana
Top Expansão;917227;TI BRASIL INDUSTRIA E COMERCIO LTDA;Alto potencial subpenetrado;72.91147500946542;74.37378175347112;1.3710069233572209;5.0;Score de Potencial no quartil superior, mas Score de Valor abaixo da mediana
Top Aluguel Mensal;248059;VISCOFAN DO BRASIL SOCIEDADE COMERCIAL E IND. LTDA.;Potencial de aluguel mensal;61.003134384509345;47.05125356997192;10.287800702880263;24.0;Usa só AD, nunca AM, com volume de AD no quartil superior
Top Aluguel Mensal;3417948;PRODATA MOBILITY BRASIL S.A.;Potencial de aluguel mensal;57.84103104994222;48.26336566301245;20.64048744283774;27.0;Usa só AD, nunca AM, com volume de AD no quartil superior
Top Aluguel Mensal;7963193;TECHNOS DA AMAZONIA INDUSTRIA E COMERCIO S.A.;Potencial de aluguel mensal;47.000166231071205;47.84831762227115;5.813075428154987;18.0;Usa só AD, nunca AM, com volume de AD no quartil superior
Top Aluguel Mensal;6516773;MARGUI MAQUINAS LTDA;Potencial de aluguel mensal;63.195409808910775;47.54302887942313;6.488075428154986;32.0;Usa só AD, nunca AM, com volume de AD no quartil superior
Top Aluguel Mensal;8928284;ECOGEN BRASIL SOLUCOES ENERGETICAS S.A.;Potencial de aluguel mensal;53.85615060463312;39.58796404066602;12.634503999583556;19.0;Usa só AD, nunca AM, com volume de AD no quartil superior
Top Aluguel Mensal;221703;LADDER AUTOMACAO INDUSTRIAL LTDA;Potencial de aluguel mensal;46.37588904039669;36.298499668148835;2.463075428154986;16.0;Usa só AD, nunca AM, com volume de AD no quartil superior
Top Aluguel Mensal;16854807;DPR TELECOMUNICACOES LTDA;Potencial de aluguel mensal;59.71108122881605;47.27600316046192;5.836805538685778;16.0;Usa só AD, nunca AM, com volume de AD no quartil superior
Top Aluguel Mensal;13924215;FRETADAO TECNOLOGIA S.A.;Potencial de aluguel mensal;61.13062299114774;44.712523895686424;5.921006923357221;6.0;Usa só AD, nunca AM, com volume de AD no quartil superior
Top Aluguel Mensal;844680;HOMAG INDUSTRIA E COMERCIO DE MAQUINAS PARA MADEIRA LTDA.;Potencial de aluguel mensal;56.89345856715063;47.34575224009969;7.62100692335722;7.0;Usa só AD, nunca AM, com volume de AD no quartil superior
Top Aluguel Mensal;23923414;FEDERACAO DOS AGENTES COMUNITARIOS DE SAUDE E DE COMBATE AS ENDEMIAS DO ESTADO DA BAHIA.;Potencial de aluguel mensal;57.247998905926444;46.76636400822335;26.62564418455345;8.0;Usa só AD, nunca AM, com volume de AD no quartil superior
Top Aluguel Mensal;20746645;RINFO COMERCIO E SERVICOS DE INFORMATICA LTDA;Potencial de aluguel mensal;42.93609414380392;39.387672599687974;3.6488066318474424;2.0;Usa só AD, nunca AM, com volume de AD no quartil superior
Top Aluguel Mensal;20633284;ATHON HOLDING S.A.;Potencial de aluguel mensal;60.26970268181777;40.497879225763775;22.510292637642937;7.0;Usa só AD, nunca AM, com volume de AD no quartil superior
Top Aluguel Mensal;5537679;BEM PROMOTORA DE VENDAS E SERVICOS S.A.;Potencial de aluguel mensal;54.33650984490925;41.54517202471793;4.038075428154986;29.0;Usa só AD, nunca AM, com volume de AD no quartil superior
Top Aluguel Mensal;18998523;XS3 SEGUROS S.A.;Potencial de aluguel mensal;64.80507151768175;47.58778436579419;13.631091252971492;0.0;Usa só AD, nunca AM, com volume de AD no quartil superior
Top Aluguel Mensal;15027535;AXS ENERGIA S/A;Potencial de aluguel mensal;49.12599953997946;45.263794226132;0.463075428154986;5.0;Usa só AD, nunca AM, com volume de AD no quartil superior
Top Aluguel Mensal;12163834;R & R CONSULTORIA E PRODUCOES CULTURAIS LTDA;Potencial de aluguel mensal;59.28504107106751;37.96381319005616;1.3710069233572209;0.0;Usa só AD, nunca AM, com volume de AD no quartil superior
Top Aluguel Mensal;749693;FIORI DO BRASIL LTDA;Potencial de aluguel mensal;48.58619885492357;39.52567391415527;9.69600692335722;1.0;Usa só AD, nunca AM, com volume de AD no quartil superior
Top Aluguel Mensal;18594310;RUMINA S.A.;Potencial de aluguel mensal;44.593183674370756;37.50541886123111;36.034716992590795;1.0;Usa só AD, nunca AM, com volume de AD no quartil superior
Top Aluguel Mensal;16235586;INSTITUTO CIDADES DE PESQUISA LTDA;Potencial de aluguel mensal;58.06119767685708;36.36046383825923;37.03720062277088;4.0;Usa só AD, nunca AM, com volume de AD no quartil superior
Top Aluguel Mensal;20370159;PROSPCTAR COMUNICACAO LTDA;Potencial de aluguel mensal;60.68190518593729;44.345431000218554;33.32207275598202;3.0;Usa só AD, nunca AM, com volume de AD no quartil superior
Top Cross-sell;17084461;TRANZUM PLANEJAMENTO E CONSULTORIA DE TRANSITO S/S LTDA;Potencial de cross-sell;73.78312793901942;58.62139817243528;48.74134580347382;10.0;Pertence a grupo econômico real com mais de 1 CNPJ na base
Top Cross-sell;10180605;VERITAS ENTIDADE DE PESQUISA E EDUCACAO RESSURREICAO-VESPER;Potencial de cross-sell;71.60621136866757;58.62139817243528;13.64212619944127;0.0;Pertence a grupo econômico real com mais de 1 CNPJ na base
Top Cross-sell;17085308;EXPRESSO SATELITE NORTE LTDA;Potencial de cross-sell;56.74940543110445;57.812512545105065;53.4385248390623;4.0;Pertence a grupo econômico real com mais de 1 CNPJ na base
Top Cross-sell;12351311;NOVA MAX MAQUINAS E EQUIPAMENTOS LTDA;Potencial de cross-sell;64.02667808502247;57.61826383090074;35.48679932923005;24.0;Pertence a grupo econômico real com mais de 1 CNPJ na base
Top Cross-sell;7795681;OPTEC TECNOLOGIA LTDA;Potencial de cross-sell;69.28310143137199;56.68056680562418;28.035760763676294;24.0;Pertence a grupo econômico real com mais de 1 CNPJ na base
Top Cross-sell;9049631;GLOBAL SOLUCOES FINANCEIRAS LTDA;Potencial de cross-sell;64.53138520536669;56.23698511375001;31.250574777463516;6.0;Pertence a grupo econômico real com mais de 1 CNPJ na base
Top Cross-sell;7600724;NOVA ALIANCA MANUTENCAO EM TELECOMUNICACOES LTDA;Potencial de cross-sell;75.19969615507233;55.432211273544674;13.396199330852552;0.0;Pertence a grupo econômico real com mais de 1 CNPJ na base
Top Cross-sell;9443891;A&S TECHNOLOGIES INDUSTRIA E COMERCIO S.A.;Potencial de cross-sell;73.10117696746262;55.16110449300934;12.529226891776993;17.0;Pertence a grupo econômico real com mais de 1 CNPJ na base
Top Cross-sell;7187093;ABC DISTRIBUIDORA LTDA;Potencial de cross-sell;68.38075637204054;55.16110449300934;15.94083676556651;0.0;Pertence a grupo econômico real com mais de 1 CNPJ na base
Top Cross-sell;14637220;TUBOS OLIVEIRA LTDA.;Potencial de cross-sell;67.1546871619059;55.16110449300934;25.280191689762926;0.0;Pertence a grupo econômico real com mais de 1 CNPJ na base
Top Cross-sell;2317980;CMP METALGRAPHICA PAULISTA LTDA;Potencial de cross-sell;71.4439694850249;54.913679770804265;41.68324122434106;0.0;Pertence a grupo econômico real com mais de 1 CNPJ na base
Top Cross-sell;1139345;TERNEC LUBRIFICANTES LTDA;Potencial de cross-sell;73.17449149007693;54.91063163234561;31.83750538299305;0.0;Pertence a grupo econômico real com mais de 1 CNPJ na base
Top Cross-sell;7030859;KAPITON CONFECCOES LTDA;Potencial de cross-sell;71.68389579417551;54.620037260820425;16.22240870995881;0.0;Pertence a grupo econômico real com mais de 1 CNPJ na base
Top Cross-sell;2588808;TEC HIDRO SERVICOS TECNICOS LTDA;Potencial de cross-sell;73.20974123793623;54.52833433012696;45.050369881950104;32.0;Pertence a grupo econômico real com mais de 1 CNPJ na base
Top Cross-sell;6856545;MPK EQUIPAMENTOS INDUSTRIAIS LTDA;Potencial de cross-sell;64.13675631324267;54.37300338680197;50.41792467017172;45.0;Pertence a grupo econômico real com mais de 1 CNPJ na base
Top Cross-sell;24672620;SODITECH S.A.;Potencial de cross-sell;81.27385416069231;52.9351161208931;20.146196570343292;0.0;Pertence a grupo econômico real com mais de 1 CNPJ na base
Top Cross-sell;1116217;DALQUIM INDUSTRIA E COMERCIO LTDA;Potencial de cross-sell;75.21848182904465;52.9351161208931;5.126817795346885;0.0;Pertence a grupo econômico real com mais de 1 CNPJ na base
Top Cross-sell;3745443;CONCEPT SOLUCOES DIGITAIS LTDA;Potencial de cross-sell;75.74692831670872;52.65621004426684;28.714561507361818;39.0;Pertence a grupo econômico real com mais de 1 CNPJ na base
Top Cross-sell;8012369;SINDICATO NACIONAL DOS AUDITORES FISCAIS FEDERAIS AGROPECUARIOS;Potencial de cross-sell;67.02371535414962;52.51967954706971;53.46851087088546;0.0;Pertence a grupo econômico real com mais de 1 CNPJ na base
Top Cross-sell;17732949;BAMET ENGENHARIA E QSSMA LTDA;Potencial de cross-sell;76.54170683855781;52.43995565853431;11.71542876229807;0.0;Pertence a grupo econômico real com mais de 1 CNPJ na base
Top Risco;24195339;PODOSPORTS CLINICA DE FISIOTERAPIA E REABILITACAO LTDA;Em risco;34.290877304052934;29.450667168540946;85.62105937303313;0.0;Score de Risco no quartil superior entre clientes ainda ativos
Top Risco;24396347;ADAILTON RODRIGUES DOS SANTOS PASSOS;Em risco;34.30461412393576;29.450667168540946;85.56860969711693;0.0;Score de Risco no quartil superior entre clientes ainda ativos
Top Risco;24283825;BES ENGENHARIA, LOGISTICA, INDUSTRIA E COMERCIO DE CARROCERIAIS LTDA;Em risco;47.525516869579725;29.880224621506795;85.5194726323112;0.0;Score de Risco no quartil superior entre clientes ainda ativos
Top Risco;24404356;FRANCISCO ASPRINO IMOVEIS LTDA;Em risco;40.143044323929935;29.450667168540946;85.36709252122832;0.0;Score de Risco no quartil superior entre clientes ainda ativos
Top Risco;24443915;PANAMERICA LOGISTICA INTERNACIONAL LTDA;Em risco;35.18360409211026;29.450667168540946;85.16060642867394;0.0;Score de Risco no quartil superior entre clientes ainda ativos
Top Risco;24150076;MENELLI VEICULOS LTDA;Em risco;33.41011196113908;29.450667168540946;84.64383909543632;0.0;Score de Risco no quartil superior entre clientes ainda ativos
Top Risco;24495962;GLM EMPREENDIMENTOS LTDA;Em risco;40.31016358266221;29.450667168540946;84.51630356768216;0.0;Score de Risco no quartil superior entre clientes ainda ativos
Top Risco;24366307;WANDO RICHARDSON CARLOS BARRETO 07566259474;Em risco;38.78563439200869;19.48677652831627;84.46661440102469;0.0;Score de Risco no quartil superior entre clientes ainda ativos
Top Risco;24447541;MERCADO RAIZER LTDA;Em risco;33.44492395468423;29.450667168540946;84.46661440102469;0.0;Score de Risco no quartil superior entre clientes ainda ativos
Top Risco;24464292;COTAFACIL FRANCHISING LTDA;Em risco;47.77429790756275;38.93854474061638;84.2529509843976;0.0;Score de Risco no quartil superior entre clientes ainda ativos
Top Risco;24443669;MEDICANDO SERVICOS MEDICOS LTDA;Em risco;27.958082548470102;19.48677652831627;83.76930976226492;0.0;Score de Risco no quartil superior entre clientes ainda ativos
Top Risco;24592189;CRISTIANE R. DA SILVA DOS SANTOS;Em risco;46.914139741326814;29.450667168540946;82.71424312357142;0.0;Score de Risco no quartil superior entre clientes ainda ativos
Top Risco;24557567;L A S FLORES E PLANTAS LTDA;Em risco;39.46506746541775;29.450667168540946;81.91424754038623;0.0;Score de Risco no quartil superior entre clientes ainda ativos
Top Risco;24611478;MASTER V.I.B. IMPORTACAO E EXPORTACAO DE ALIMENTOS LTDA;Em risco;47.1412310637054;29.450667168540946;81.55814184600774;0.0;Score de Risco no quartil superior entre clientes ainda ativos
Top Risco;24589952;SOCIEDADE DE ASSISTENCIA A VELHICE DESAMPARADA;Em risco;53.83687550970901;52.3944397368908;81.45213829047181;0.0;Score de Risco no quartil superior entre clientes ainda ativos
Top Risco;24610534;FEDUCA COMPONENTES ESCOLARES LTDA ME;Em risco;34.100170263094626;29.450667168540946;81.13081501275354;0.0;Score de Risco no quartil superior entre clientes ainda ativos
Top Risco;24620691;CONFIANCA SOLUCOES EM PPCI E REFORMAS LTDA;Em risco;41.06886983450584;29.450667168540946;80.65379901284189;0.0;Score de Risco no quartil superior entre clientes ainda ativos
Top Risco;24583057;MALBEC PRIME COMERCIO DE CARNES LTDA;Em risco;47.11032586548742;29.450667168540946;80.24800415180592;0.0;Score de Risco no quartil superior entre clientes ainda ativos
Top Risco;24505582;AICO CULTURAS LTDA;Em risco;36.1485795393522;29.450667168540946;80.24800415180592;0.0;Score de Risco no quartil superior entre clientes ainda ativos
Top Risco;24638788;KOALA MUSIC LTDA;Em risco;34.30513807555667;29.450667168540946;80.08734251294679;0.0;Score de Risco no quartil superior entre clientes ainda ativos
Top Reativação;22229949;ISOCORD INDUSTRIA COMERCIO LTDA;Inativos recentes;71.76303437760058;73.72776852809383;34.171006923357226;11.0;Inativo recente/intermediário com maior Score de Potencial
Top Reativação;14931336;CORCELLI & CORCELLI ITATIBA LTDA;Inativos recentes;72.88239714273654;73.54212979673989;37.46489432770557;15.0;Inativo recente/intermediário com maior Score de Potencial
Top Reativação;6918141;IB NDT SERVICOS DE INSPECAO E COMERCIO S/A;Inativos recentes;80.12727266801963;73.0233188727335;34.2224128507227;15.0;Inativo recente/intermediário com maior Score de Potencial
Top Reativação;17974728;GRI KOLETA - GERENCIAMENTO DE RESIDUOS INDUSTRIAIS S.A.;Inativos recentes;80.75569969404867;72.3167522327754;32.62100692335722;0.0;Inativo recente/intermediário com maior Score de Potencial
Top Reativação;22594264;MEXXA MOLDES E COMPOSITOS LTDA;Inativos recentes;78.54500710387944;71.93920889033376;25.370460342523987;28.0;Inativo recente/intermediário com maior Score de Potencial
Top Reativação;19075716;IPV7 TECNOLOGIA DA INFORMACAO LTDA;Inativos recentes;67.56689254719619;69.6853542847041;36.263075428154984;2.0;Inativo recente/intermediário com maior Score de Potencial
Top Reativação;19449680;FEDERACAO DE ESPORTES ESTUDANTIS DE MINAS GERAIS;Inativos intermediários;79.50500518073038;68.71209890217372;56.15548706425361;58.0;Inativo recente/intermediário com maior Score de Potencial
Top Reativação;3547922;MCQ - ELETRO SERVICE LTDA;Inativos recentes;63.09071430821313;68.3912445046082;35.195630389894326;1.0;Inativo recente/intermediário com maior Score de Potencial
Top Reativação;1253953;WOOD GROUP ENGINEERING AND PRODUCTION FACILITIES BRASIL LTDA;Inativos recentes;69.29585169665903;68.3912445046082;4.994313350926978;5.0;Inativo recente/intermediário com maior Score de Potencial
Top Reativação;17392533;AGUAS DO SERTAO S/A;Inativos intermediários;66.27594774199518;67.9132939592928;56.03719178914126;1.0;Inativo recente/intermediário com maior Score de Potencial
Top Reativação;8780825;LIVANOVA BRASIL COMERCIO E DISTRIBUICAO DE EQUIPAMENTOS MEDICO-HOSPITALARES LTDA.;Inativos intermediários;57.16744294047017;67.86315123797232;41.72912116427238;2.0;Inativo recente/intermediário com maior Score de Potencial
Top Reativação;1111683;SIMOLDES ACOS BRASIL LTDA;Inativos intermediários;67.0929687794429;66.90310079950152;63.130845378355396;9.0;Inativo recente/intermediário com maior Score de Potencial
Top Reativação;6491342;EB BOMBAS E EQUIPAMENTOS INDUSTRIAIS LTDA;Inativos intermediários;73.95403385310526;66.72195788717698;62.70480687477225;14.0;Inativo recente/intermediário com maior Score de Potencial
Top Reativação;9655690;RESMEDICAL EQUIPAMENTOS HOSPITALARES LTDA;Inativos intermediários;65.57096903799514;66.28135881514368;67.16704724887647;0.0;Inativo recente/intermediário com maior Score de Potencial
Top Reativação;416113;METALURGICA SIEMSEN LIMITADA;Inativos intermediários;73.081620709452;65.50328808665168;66.03098809668407;0.0;Inativo recente/intermediário com maior Score de Potencial
Top Reativação;10690751;APTAR DO BRASIL EMBALAGENS LTDA.;Inativos intermediários;69.29937580721929;65.4735606291624;55.570785254463736;15.0;Inativo recente/intermediário com maior Score de Potencial
Top Reativação;21807433;GW DISTRIBUICAO LTDA;Inativos recentes;47.55422116843833;65.08212554436759;37.75971699259079;4.0;Inativo recente/intermediário com maior Score de Potencial
Top Reativação;11082731;ZOOMTECH LTDA;Inativos intermediários;62.87494535058859;64.60332334447519;61.38330499210494;0.0;Inativo recente/intermediário com maior Score de Potencial
Top Reativação;8481576;SODRE SL DIAGNOSTICOS E PESQUISAS LABORATORIAIS LTDA;Inativos intermediários;60.59666516153993;64.56549449137724;49.78616543179886;16.0;Inativo recente/intermediário com maior Score de Potencial
Top Reativação;2948211;KONECRANES DEMAG BRASIL LTDA;Inativos intermediários;53.17570537882217;64.39411832355468;37.512560317127296;1.0;Inativo recente/intermediário com maior Score de Potencial
Top Enriquecimento Cadastral;21625206;PORTELA & MELO MULTISERVICOS LTDA;Dados insuficientes;23.502811979484186;12.097028872877743;0.0;0.0;Nunca locou e sem nenhum sinal em nenhuma fonte — amostra para validação cadastral
Top Enriquecimento Cadastral;21307337;GREMIO RECREATIVO ESCOLA DE SAMBA INDEPENDENT;Dados insuficientes;60.55555555555555;14.814814814814813;0.0;0.0;Nunca locou e sem nenhum sinal em nenhuma fonte — amostra para validação cadastral
Top Enriquecimento Cadastral;26980402;DOUGLAS VARELA MAIA;Dados insuficientes;41.189051343375866;29.450667168540946;0.0;0.0;Nunca locou e sem nenhum sinal em nenhuma fonte — amostra para validação cadastral
Top Enriquecimento Cadastral;24965253;EBM SERVICOS MECANICOS LTDA;Dados insuficientes;43.29708068244779;29.450667168540946;0.0;0.0;Nunca locou e sem nenhum sinal em nenhuma fonte — amostra para validação cadastral
Top Enriquecimento Cadastral;23992717;ADILSON APARECIDO FERNANDES DE OLIVEIRA 26176456819;Dados insuficientes;48.46177861610314;29.450667168540946;0.0;0.0;Nunca locou e sem nenhum sinal em nenhuma fonte — amostra para validação cadastral
Top Enriquecimento Cadastral;1775422;MOLEX BRASIL LTDA;Dados insuficientes;66.66666666666666;26.451614421728085;0.0;0.0;Nunca locou e sem nenhum sinal em nenhuma fonte — amostra para validação cadastral
Top Enriquecimento Cadastral;27212830;PLANO NORTE ENGENHARIA LTDA;Dados insuficientes;84.2681031259297;50.81192676531837;0.0;0.0;Nunca locou e sem nenhum sinal em nenhuma fonte — amostra para validação cadastral
Top Enriquecimento Cadastral;23833206;SACYR CONSTRUCCION DO BRASIL SA;Dados insuficientes;84.2681031259297;50.81192676531837;0.0;0.0;Nunca locou e sem nenhum sinal em nenhuma fonte — amostra para validação cadastral
Top Enriquecimento Cadastral;14088923;GILCIMAR DE MACEDO NEGREIROS;Dados insuficientes;27.42040395935048;17.334257470598608;0.0;0.0;Nunca locou e sem nenhum sinal em nenhuma fonte — amostra para validação cadastral
Top Enriquecimento Cadastral;26028904;EXPEL TRANSPORTES LTDA;Dados insuficientes;41.189051343375866;29.450667168540946;0.0;0.0;Nunca locou e sem nenhum sinal em nenhuma fonte — amostra para validação cadastral
Top Enriquecimento Cadastral;25296969;50.828.984 ANTONIO CORREIA DE LIMA JUNIOR;Dados insuficientes;41.189051343375866;29.450667168540946;0.0;0.0;Nunca locou e sem nenhum sinal em nenhuma fonte — amostra para validação cadastral
Top Enriquecimento Cadastral;22220817;SOUZA & SOUZA ADVOGADOS ASSOCIADOS;Dados insuficientes;34.66447301003385;17.30903823519997;0.0;0.0;Nunca locou e sem nenhum sinal em nenhuma fonte — amostra para validação cadastral
Top Enriquecimento Cadastral;24238670;ROSEMEIRE APARECIDA ALEXANDRE DA SILVA COSTA;Dados insuficientes;38.46177861610314;29.450667168540946;0.0;0.0;Nunca locou e sem nenhum sinal em nenhuma fonte — amostra para validação cadastral
Top Enriquecimento Cadastral;15533302;IMOB AGUA VIVA LTDA;Dados insuficientes;35.55555555555556;14.814814814814813;0.0;0.0;Nunca locou e sem nenhum sinal em nenhuma fonte — amostra para validação cadastral
Top Enriquecimento Cadastral;26900004;CRISTAL PAN LTDA;Dados insuficientes;27.13917561584782;19.48677652831627;0.0;0.0;Nunca locou e sem nenhum sinal em nenhuma fonte — amostra para validação cadastral
Top Enriquecimento Cadastral;24805091;GREEN SAFE PROJETOS E CONSTRUCOES LTDA;Dados insuficientes;43.29708068244779;29.450667168540946;0.0;0.0;Nunca locou e sem nenhum sinal em nenhuma fonte — amostra para validação cadastral
Top Enriquecimento Cadastral;20645004;CV DERMATOLOGIA LTDA;Dados insuficientes;35.55555555555556;14.814814814814813;0.0;0.0;Nunca locou e sem nenhum sinal em nenhuma fonte — amostra para validação cadastral
Top Enriquecimento Cadastral;22334283;L N MARIANI REPRESENTACOES COMERCIAIS LTDA;Dados insuficientes;20.978466757827107;16.952243370753365;0.0;0.0;Nunca locou e sem nenhum sinal em nenhuma fonte — amostra para validação cadastral
Top Enriquecimento Cadastral;23346518;CIL GESTAO E TECNOLOGIAS LTDA;Dados insuficientes;43.29708068244779;29.450667168540946;0.0;0.0;Nunca locou e sem nenhum sinal em nenhuma fonte — amostra para validação cadastral
Top Enriquecimento Cadastral;26788745;MAX LEGADO NEGOCIOS IMOBILIARIOS LTDA ME;Dados insuficientes;34.8254149797395;29.450667168540946;0.0;0.0;Nunca locou e sem nenhum sinal em nenhuma fonte — amostra para validação cadastral
